{
    "URI": 1,
    "abstract": 0.9745099558379174,
    "derivedFrom": 0.9994576586348493,
    "imageURL": 0.7267374293019292
}