{
    "URI": 1,
    "abstract": 0.9738126597970094,
    "derivedFrom": 0.9993801812969706,
    "imageURL": 0.7256527465716278
}