{
    "URI": 1,
    "abstract": 0.9744324785000388,
    "derivedFrom": 0.9994576586348493,
    "imageURL": 0.7256527465716278
}