{
    "took": 118,
    "timed_out": false,
    "_shards": {
        "total": 5,
        "successful": 5,
        "skipped": 0,
        "failed": 0
    },
    "hits": {
        "total": {
            "value": 3018,
            "relation": "eq"
        },
        "max_score": null,
        "hits": []
    },
    "aggregations": {
        "dbpedia_entities": {
            "doc_count": 95276,
            "confidence_stats": {
                "count": 95276,
                "min": 0,
                "max": 100,
                "avg": 37.47302573575717,
                "sum": 3570280,
                "sum_of_squares": 163628400,
                "variance": 313.18701116903407,
                "std_deviation": 17.69709047185537,
                "std_deviation_bounds": {
                    "upper": 72.8672066794679,
                    "lower": 2.078844792046432
                }
            }
        }
    }
}