{
    "took": 73,
    "timed_out": false,
    "_shards": {
        "total": 5,
        "successful": 5,
        "skipped": 0,
        "failed": 0
    },
    "hits": {
        "total": {
            "value": 3018,
            "relation": "eq"
        },
        "max_score": null,
        "hits": []
    },
    "aggregations": {
        "dbpedia_entities": {
            "doc_count": 95276,
            "similarityScore_stats": {
                "count": 95276,
                "min": 0.20328085124492645,
                "max": 1,
                "avg": 0.9215796124000066,
                "sum": 87804.41915102303,
                "sum_of_squares": 82922.23433865629,
                "variance": 0.021028084412116066,
                "std_deviation": 0.1450106355137997,
                "std_deviation_bounds": {
                    "upper": 1.211600883427606,
                    "lower": 0.6315583413724073
                }
            }
        }
    }
}