{
    "took": 3844,
    "timed_out": false,
    "_shards": {
        "total": 5,
        "successful": 5,
        "skipped": 0,
        "failed": 0
    },
    "hits": {
        "total": {
            "value": 10000,
            "relation": "gte"
        },
        "max_score": null,
        "hits": []
    },
    "aggregations": {
        "dbpedia_entities": {
            "doc_count": 75296846,
            "confidence_stats": {
                "count": 75296846,
                "min": 0.1289825290441513,
                "max": 1.0,
                "avg": 0.9284845145676179,
                "sum": 6.991195550678268E7,
                "sum_of_squares": 6.63523519588245E7,
                "variance": 0.0191267491819841,
                "std_deviation": 0.13829949089560706,
                "std_deviation_bounds": {
                    "upper": 1.205083496358832,
                    "lower": 0.6518855327764038
                }
            }
        }
    }
}