{
	"took": 4006,
	"timed_out": false,
	"_shards": {
		"total": 5,
		"successful": 5,
		"skipped": 0,
		"failed": 0
	},
	"hits": {
		"total": {
			"value": 10000,
			"relation": "gte"
		},
		"max_score": null,
		"hits": []
	},
	"aggregations": {
		"dbpedia_entities": {
			"doc_count": 75296846,
			"confidence_stats": {
				"count": 75296846,
				"min": 0.10000000149011612,
				"max": 0.8999999761581421,
				"avg": 0.39032923068440706,
				"sum": 2.939055997214227E7,
				"sum_of_squares": 1.4082414482005823E7,
				"variance": 0.034668381975728475,
				"std_deviation": 0.18619447353702118,
				"std_deviation_bounds": {
					"upper": 0.7627181777584494,
					"lower": 0.017940283610364705
				}
			}
		}
	}
}